<assembly>
  <id>bundle</id>
  <formats>
    <format>zip</format>
  </formats>
  <fileSets>
    <fileSet>
      <outputDirectory/>
      <directory>${project.basedir}/src/site</directory>
      <filtered>true</filtered>
    </fileSet>
    <fileSet>
      <outputDirectory/>
      <directory>${project.basedir}</directory>
      <includes>
        <include>LICENSE.txt</include>
      </includes>
    </fileSet>    
    <fileSet>
      <outputDirectory/>
      <directory>${project.build.directory}</directory>
      <includes>
        <include>*.jar</include>
      </includes>
    </fileSet>
  </fileSets>
</assembly>