<FindBugsFilter>
  <Match>
    <Class name="org.easymock.classextension.EasyMock" />
    <Bug pattern="NM_SAME_SIMPLE_NAME_AS_SUPERCLASS" />
  </Match>
  <Match>
    <Class name="org.easymock.classextension.EasyMockSupport" />
    <Bug pattern="NM_SAME_SIMPLE_NAME_AS_SUPERCLASS" />
  </Match>
  <Match>
    <Class name="org.easymock.classextension.IMocksControl" />
    <Bug pattern="NM_SAME_SIMPLE_NAME_AS_INTERFACE" />
  </Match>
  <Match>
    <Class name="org.easymock.classextension.ConstructorArgs" />
    <Bug pattern="NM_SAME_SIMPLE_NAME_AS_SUPERCLASS" />
  </Match>
  <Match>
    <Class name="org.easymock.classextension.IMockBuilder" />
    <Bug pattern="NM_SAME_SIMPLE_NAME_AS_INTERFACE" />
  </Match>
  <Match>
    <Class name="org.easymock.classextension.internal.MockBuilder" />
    <Bug pattern="NM_SAME_SIMPLE_NAME_AS_SUPERCLASS" />
  </Match>  
</FindBugsFilter>
