<FindBugsFilter>
  <Match>
    <Class name="org.easymock.EasyMock" />
    <Method name="aryEq" />
    <Bug code="PZLA" />
  </Match>
  <Match>
    <Class name="org.easymock.internal.Invocation" />
    <Method name="getArguments" />
    <Bug code="EI" />
  </Match>  
  <Match>
    <Class name="org.easymock.ConstructorArgs" />
    <Method name="getInitArgs" />
    <Bug pattern="EI_EXPOSE_REP" />
  </Match>
  <Match>
    <Class name="org.easymock.ConstructorArgs" />
    <Method name="validateArgs" />
    <Bug pattern="REC_CATCH_EXCEPTION" />
  </Match>  
</FindBugsFilter>
